Product,Stock,Sold,Date
Jeans,145,15,2025-01-23
T-Shirt,168,112,2025-01-23
Shirt,64,41,2025-01-23
Jacket,155,154,2025-01-23
Sneakers,109,34,2025-01-23
Sandals,83,68,2025-01-23
Cap,139,135,2025-01-23
Scarf,199,185,2025-01-23
Dress,51,21,2025-01-23
Skirt,66,5,2025-01-23
Blazer,88,22,2025-01-23
Shorts,81,73,2025-01-23
Hoodie,112,47,2025-01-23
Sweater,101,72,2025-01-23
Gloves,95,4,2025-01-23
Backpack,111,73,2025-01-23
Watch,179,16,2025-01-23
Socks,181,101,2025-01-23
Belt,134,57,2025-01-23
Sunglasses,126,13,2025-01-23
Jeans,164,112,2025-01-24
T-Shirt,130,42,2025-01-24
Shirt,198,178,2025-01-24
Jacket,197,56,2025-01-24
Sneakers,101,75,2025-01-24
Sandals,55,53,2025-01-24
Cap,172,107,2025-01-24
Scarf,109,92,2025-01-24
Dress,171,53,2025-01-24
Skirt,112,69,2025-01-24
Blazer,195,19,2025-01-24
Shorts,145,134,2025-01-24
Hoodie,120,19,2025-01-24
Sweater,169,14,2025-01-24
Gloves,179,77,2025-01-24
Backpack,117,72,2025-01-24
Watch,95,49,2025-01-24
Socks,67,64,2025-01-24
Belt,138,31,2025-01-24
Sunglasses,199,26,2025-01-24
Jeans,187,112,2025-01-25
T-Shirt,142,68,2025-01-25
Shirt,193,59,2025-01-25
Jacket,73,31,2025-01-25
Sneakers,59,19,2025-01-25
Sandals,158,106,2025-01-25
Cap,177,72,2025-01-25
Scarf,75,13,2025-01-25
Dress,163,154,2025-01-25
Skirt,92,80,2025-01-25
Blazer,78,21,2025-01-25
Shorts,50,3,2025-01-25
Hoodie,100,41,2025-01-25
Sweater,189,158,2025-01-25
Gloves,100,26,2025-01-25
Backpack,171,7,2025-01-25
Watch,100,28,2025-01-25
Socks,70,9,2025-01-25
Belt,179,157,2025-01-25
Sunglasses,150,23,2025-01-25
Jeans,178,43,2025-01-26
T-Shirt,90,23,2025-01-26
Shirt,107,19,2025-01-26
Jacket,86,48,2025-01-26
Sneakers,185,181,2025-01-26
Sandals,111,79,2025-01-26
Cap,67,57,2025-01-26
Scarf,145,130,2025-01-26
Dress,121,48,2025-01-26
Skirt,175,139,2025-01-26
Blazer,152,48,2025-01-26
Shorts,175,160,2025-01-26
Hoodie,64,35,2025-01-26
Sweater,139,56,2025-01-26
Gloves,62,3,2025-01-26
Backpack,141,46,2025-01-26
Watch,91,57,2025-01-26
Socks,189,178,2025-01-26
Belt,60,2,2025-01-26
Sunglasses,90,6,2025-01-26
Jeans,105,89,2025-01-27
T-Shirt,67,56,2025-01-27
Shirt,185,158,2025-01-27
Jacket,115,105,2025-01-27
Sneakers,199,61,2025-01-27
Sandals,194,119,2025-01-27
Cap,50,25,2025-01-27
Scarf,101,15,2025-01-27
Dress,150,69,2025-01-27
Skirt,187,167,2025-01-27
Blazer,142,138,2025-01-27
Shorts,168,11,2025-01-27
Hoodie,144,5,2025-01-27
Sweater,199,74,2025-01-27
Gloves,180,111,2025-01-27
Backpack,147,8,2025-01-27
Watch,99,80,2025-01-27
Socks,54,24,2025-01-27
Belt,180,15,2025-01-27
Sunglasses,191,103,2025-01-27
Jeans,145,33,2025-01-28
T-Shirt,80,51,2025-01-28
Shirt,146,64,2025-01-28
Jacket,172,70,2025-01-28
Sneakers,67,49,2025-01-28
Sandals,159,149,2025-01-28
Cap,182,150,2025-01-28
Scarf,91,3,2025-01-28
Dress,185,91,2025-01-28
Skirt,119,104,2025-01-28
Blazer,155,132,2025-01-28
Shorts,102,42,2025-01-28
Hoodie,171,79,2025-01-28
Sweater,153,36,2025-01-28
Gloves,90,49,2025-01-28
Backpack,68,46,2025-01-28
Watch,52,46,2025-01-28
Socks,76,69,2025-01-28
Belt,199,156,2025-01-28
Sunglasses,151,3,2025-01-28
Jeans,117,55,2025-01-29
T-Shirt,85,23,2025-01-29
Shirt,176,48,2025-01-29
Jacket,76,20,2025-01-29
Sneakers,197,59,2025-01-29
Sandals,50,38,2025-01-29
Cap,66,14,2025-01-29
Scarf,72,8,2025-01-29
Dress,160,155,2025-01-29
Skirt,157,105,2025-01-29
Blazer,78,55,2025-01-29
Shorts,158,133,2025-01-29
Hoodie,135,41,2025-01-29
Sweater,146,7,2025-01-29
Gloves,109,35,2025-01-29
Backpack,93,24,2025-01-29
Watch,175,2,2025-01-29
Socks,64,4,2025-01-29
Belt,162,13,2025-01-29
Sunglasses,62,38,2025-01-29
Jeans,124,118,2025-01-30
T-Shirt,195,171,2025-01-30
Shirt,115,22,2025-01-30
Jacket,135,124,2025-01-30
Sneakers,159,9,2025-01-30
Sandals,96,71,2025-01-30
Cap,196,8,2025-01-30
Scarf,134,71,2025-01-30
Dress,151,130,2025-01-30
Skirt,59,40,2025-01-30
Blazer,174,55,2025-01-30
Shorts,51,35,2025-01-30
Hoodie,105,11,2025-01-30
Sweater,98,47,2025-01-30
Gloves,134,35,2025-01-30
Backpack,64,15,2025-01-30
Watch,117,33,2025-01-30
Socks,85,69,2025-01-30
Belt,179,178,2025-01-30
Sunglasses,88,10,2025-01-30
Jeans,143,75,2025-01-31
T-Shirt,169,112,2025-01-31
Shirt,128,33,2025-01-31
Jacket,91,43,2025-01-31
Sneakers,138,51,2025-01-31
Sandals,158,86,2025-01-31
Cap,110,8,2025-01-31
Scarf,140,71,2025-01-31
Dress,153,109,2025-01-31
Skirt,175,69,2025-01-31
Blazer,184,183,2025-01-31
Shorts,197,107,2025-01-31
Hoodie,186,130,2025-01-31
Sweater,76,52,2025-01-31
Gloves,82,35,2025-01-31
Backpack,199,48,2025-01-31
Watch,172,152,2025-01-31
Socks,71,66,2025-01-31
Belt,185,58,2025-01-31
Sunglasses,130,80,2025-01-31
Jeans,137,3,2025-02-01
T-Shirt,197,101,2025-02-01
Shirt,79,60,2025-02-01
Jacket,69,5,2025-02-01
Sneakers,126,16,2025-02-01
Sandals,145,127,2025-02-01
Cap,92,31,2025-02-01
Scarf,176,96,2025-02-01
Dress,156,111,2025-02-01
Skirt,123,117,2025-02-01
Blazer,138,70,2025-02-01
Shorts,132,72,2025-02-01
Hoodie,133,49,2025-02-01
Sweater,116,98,2025-02-01
Gloves,116,111,2025-02-01
Backpack,159,129,2025-02-01
Watch,86,49,2025-02-01
Socks,102,79,2025-02-01
Belt,85,53,2025-02-01
Sunglasses,62,32,2025-02-01
Jeans,122,54,2025-02-02
T-Shirt,83,51,2025-02-02
Shirt,77,54,2025-02-02
Jacket,110,29,2025-02-02
Sneakers,119,67,2025-02-02
Sandals,193,7,2025-02-02
Cap,151,7,2025-02-02
Scarf,85,25,2025-02-02
Dress,160,73,2025-02-02
Skirt,57,10,2025-02-02
Blazer,166,116,2025-02-02
Shorts,183,39,2025-02-02
Hoodie,98,10,2025-02-02
Sweater,143,54,2025-02-02
Gloves,170,128,2025-02-02
Backpack,180,150,2025-02-02
Watch,144,94,2025-02-02
Socks,159,108,2025-02-02
Belt,174,156,2025-02-02
Sunglasses,178,146,2025-02-02
Jeans,81,9,2025-02-03
T-Shirt,95,51,2025-02-03
Shirt,79,40,2025-02-03
Jacket,82,6,2025-02-03
Sneakers,100,59,2025-02-03
Sandals,64,15,2025-02-03
Cap,73,66,2025-02-03
Scarf,58,40,2025-02-03
Dress,167,129,2025-02-03
Skirt,142,46,2025-02-03
Blazer,110,42,2025-02-03
Shorts,84,51,2025-02-03
Hoodie,148,79,2025-02-03
Sweater,93,3,2025-02-03
Gloves,172,140,2025-02-03
Backpack,80,63,2025-02-03
Watch,116,24,2025-02-03
Socks,63,49,2025-02-03
Belt,110,16,2025-02-03
Sunglasses,132,118,2025-02-03
Jeans,89,72,2025-02-04
T-Shirt,61,4,2025-02-04
Shirt,126,26,2025-02-04
Jacket,71,47,2025-02-04
Sneakers,122,117,2025-02-04
Sandals,65,7,2025-02-04
Cap,87,40,2025-02-04
Scarf,83,73,2025-02-04
Dress,158,33,2025-02-04
Skirt,144,62,2025-02-04
Blazer,69,56,2025-02-04
Shorts,147,43,2025-02-04
Hoodie,113,95,2025-02-04
Sweater,131,74,2025-02-04
Gloves,131,119,2025-02-04
Backpack,184,44,2025-02-04
Watch,58,12,2025-02-04
Socks,85,45,2025-02-04
Belt,175,119,2025-02-04
Sunglasses,122,81,2025-02-04
Jeans,79,21,2025-02-05
T-Shirt,54,36,2025-02-05
Shirt,176,77,2025-02-05
Jacket,138,134,2025-02-05
Sneakers,170,108,2025-02-05
Sandals,176,160,2025-02-05
Cap,121,90,2025-02-05
Scarf,106,83,2025-02-05
Dress,54,32,2025-02-05
Skirt,89,15,2025-02-05
Blazer,163,12,2025-02-05
Shorts,184,76,2025-02-05
Hoodie,119,1,2025-02-05
Sweater,104,30,2025-02-05
Gloves,198,59,2025-02-05
Backpack,108,75,2025-02-05
Watch,145,14,2025-02-05
Socks,126,32,2025-02-05
Belt,50,17,2025-02-05
Sunglasses,159,99,2025-02-05
Jeans,104,75,2025-02-06
T-Shirt,145,116,2025-02-06
Shirt,173,49,2025-02-06
Jacket,173,103,2025-02-06
Sneakers,151,118,2025-02-06
Sandals,52,5,2025-02-06
Cap,139,106,2025-02-06
Scarf,125,70,2025-02-06
Dress,78,40,2025-02-06
Skirt,154,82,2025-02-06
Blazer,157,103,2025-02-06
Shorts,177,68,2025-02-06
Hoodie,158,133,2025-02-06
Sweater,196,78,2025-02-06
Gloves,170,44,2025-02-06
Backpack,121,117,2025-02-06
Watch,105,40,2025-02-06
Socks,136,3,2025-02-06
Belt,65,25,2025-02-06
Sunglasses,182,172,2025-02-06
Jeans,55,23,2025-02-07
T-Shirt,182,128,2025-02-07
Shirt,110,30,2025-02-07
Jacket,103,44,2025-02-07
Sneakers,76,12,2025-02-07
Sandals,152,104,2025-02-07
Cap,180,108,2025-02-07
Scarf,83,4,2025-02-07
Dress,60,9,2025-02-07
Skirt,169,3,2025-02-07
Blazer,118,55,2025-02-07
Shorts,156,130,2025-02-07
Hoodie,153,62,2025-02-07
Sweater,75,52,2025-02-07
Gloves,103,62,2025-02-07
Backpack,112,98,2025-02-07
Watch,171,122,2025-02-07
Socks,89,23,2025-02-07
Belt,145,23,2025-02-07
Sunglasses,60,41,2025-02-07
Jeans,174,135,2025-02-08
T-Shirt,134,91,2025-02-08
Shirt,195,100,2025-02-08
Jacket,120,112,2025-02-08
Sneakers,81,70,2025-02-08
Sandals,164,141,2025-02-08
Cap,176,59,2025-02-08
Scarf,177,176,2025-02-08
Dress,65,10,2025-02-08
Skirt,72,19,2025-02-08
Blazer,163,31,2025-02-08
Shorts,151,48,2025-02-08
Hoodie,125,32,2025-02-08
Sweater,134,17,2025-02-08
Gloves,140,95,2025-02-08
Backpack,127,58,2025-02-08
Watch,107,29,2025-02-08
Socks,108,5,2025-02-08
Belt,170,87,2025-02-08
Sunglasses,103,73,2025-02-08
Jeans,69,36,2025-02-09
T-Shirt,107,10,2025-02-09
Shirt,113,68,2025-02-09
Jacket,171,53,2025-02-09
Sneakers,69,67,2025-02-09
Sandals,76,38,2025-02-09
Cap,191,137,2025-02-09
Scarf,95,68,2025-02-09
Dress,109,62,2025-02-09
Skirt,179,70,2025-02-09
Blazer,97,13,2025-02-09
Shorts,55,16,2025-02-09
Hoodie,86,25,2025-02-09
Sweater,144,84,2025-02-09
Gloves,188,96,2025-02-09
Backpack,95,28,2025-02-09
Watch,89,39,2025-02-09
Socks,100,53,2025-02-09
Belt,176,71,2025-02-09
Sunglasses,62,36,2025-02-09
Jeans,154,91,2025-02-10
T-Shirt,173,160,2025-02-10
Shirt,80,43,2025-02-10
Jacket,70,26,2025-02-10
Sneakers,82,19,2025-02-10
Sandals,128,52,2025-02-10
Cap,105,37,2025-02-10
Scarf,56,42,2025-02-10
Dress,96,4,2025-02-10
Skirt,156,40,2025-02-10
Blazer,103,28,2025-02-10
Shorts,66,28,2025-02-10
Hoodie,124,83,2025-02-10
Sweater,151,12,2025-02-10
Gloves,150,98,2025-02-10
Backpack,196,170,2025-02-10
Watch,107,27,2025-02-10
Socks,149,54,2025-02-10
Belt,64,62,2025-02-10
Sunglasses,103,90,2025-02-10
Jeans,135,93,2025-02-11
T-Shirt,131,130,2025-02-11
Shirt,129,104,2025-02-11
Jacket,170,133,2025-02-11
Sneakers,57,18,2025-02-11
Sandals,145,68,2025-02-11
Cap,144,83,2025-02-11
Scarf,195,13,2025-02-11
Dress,111,85,2025-02-11
Skirt,112,39,2025-02-11
Blazer,152,129,2025-02-11
Shorts,99,78,2025-02-11
Hoodie,190,69,2025-02-11
Sweater,113,4,2025-02-11
Gloves,79,25,2025-02-11
Backpack,50,47,2025-02-11
Watch,114,35,2025-02-11
Socks,188,88,2025-02-11
Belt,169,105,2025-02-11
Sunglasses,144,61,2025-02-11
Jeans,189,146,2025-02-12
T-Shirt,191,170,2025-02-12
Shirt,135,87,2025-02-12
Jacket,76,59,2025-02-12
Sneakers,75,51,2025-02-12
Sandals,106,31,2025-02-12
Cap,50,11,2025-02-12
Scarf,156,34,2025-02-12
Dress,83,52,2025-02-12
Skirt,51,10,2025-02-12
Blazer,127,28,2025-02-12
Shorts,147,61,2025-02-12
Hoodie,86,22,2025-02-12
Sweater,197,159,2025-02-12
Gloves,173,79,2025-02-12
Backpack,195,20,2025-02-12
Watch,138,97,2025-02-12
Socks,102,95,2025-02-12
Belt,169,19,2025-02-12
Sunglasses,57,16,2025-02-12
Jeans,71,5,2025-02-13
T-Shirt,84,19,2025-02-13
Shirt,54,1,2025-02-13
Jacket,163,70,2025-02-13
Sneakers,102,18,2025-02-13
Sandals,77,76,2025-02-13
Cap,52,1,2025-02-13
Scarf,183,83,2025-02-13
Dress,183,47,2025-02-13
Skirt,68,3,2025-02-13
Blazer,157,27,2025-02-13
Shorts,54,31,2025-02-13
Hoodie,141,134,2025-02-13
Sweater,122,111,2025-02-13
Gloves,62,6,2025-02-13
Backpack,192,113,2025-02-13
Watch,102,59,2025-02-13
Socks,61,40,2025-02-13
Belt,51,38,2025-02-13
Sunglasses,193,121,2025-02-13
Jeans,194,104,2025-02-14
T-Shirt,185,94,2025-02-14
Shirt,167,116,2025-02-14
Jacket,184,16,2025-02-14
Sneakers,102,74,2025-02-14
Sandals,87,30,2025-02-14
Cap,158,19,2025-02-14
Scarf,175,160,2025-02-14
Dress,178,106,2025-02-14
Skirt,108,12,2025-02-14
Blazer,50,11,2025-02-14
Shorts,101,27,2025-02-14
Hoodie,157,55,2025-02-14
Sweater,80,61,2025-02-14
Gloves,128,79,2025-02-14
Backpack,199,102,2025-02-14
Watch,180,109,2025-02-14
Socks,176,47,2025-02-14
Belt,57,47,2025-02-14
Sunglasses,94,59,2025-02-14
Jeans,71,70,2025-02-15
T-Shirt,183,166,2025-02-15
Shirt,172,141,2025-02-15
Jacket,115,83,2025-02-15
Sneakers,92,89,2025-02-15
Sandals,77,51,2025-02-15
Cap,112,27,2025-02-15
Scarf,152,130,2025-02-15
Dress,98,13,2025-02-15
Skirt,105,71,2025-02-15
Blazer,109,80,2025-02-15
Shorts,187,41,2025-02-15
Hoodie,166,85,2025-02-15
Sweater,162,55,2025-02-15
Gloves,177,37,2025-02-15
Backpack,99,23,2025-02-15
Watch,63,47,2025-02-15
Socks,62,60,2025-02-15
Belt,169,148,2025-02-15
Sunglasses,117,25,2025-02-15
Jeans,75,16,2025-02-16
T-Shirt,160,91,2025-02-16
Shirt,98,59,2025-02-16
Jacket,90,31,2025-02-16
Sneakers,104,57,2025-02-16
Sandals,126,63,2025-02-16
Cap,51,17,2025-02-16
Scarf,68,6,2025-02-16
Dress,59,9,2025-02-16
Skirt,106,90,2025-02-16
Blazer,169,31,2025-02-16
Shorts,108,60,2025-02-16
Hoodie,77,74,2025-02-16
Sweater,150,121,2025-02-16
Gloves,124,81,2025-02-16
Backpack,164,32,2025-02-16
Watch,126,48,2025-02-16
Socks,86,25,2025-02-16
Belt,191,90,2025-02-16
Sunglasses,166,158,2025-02-16
Jeans,119,48,2025-02-17
T-Shirt,122,105,2025-02-17
Shirt,158,149,2025-02-17
Jacket,109,0,2025-02-17
Sneakers,167,112,2025-02-17
Sandals,129,112,2025-02-17
Cap,57,27,2025-02-17
Scarf,193,7,2025-02-17
Dress,183,31,2025-02-17
Skirt,65,42,2025-02-17
Blazer,154,149,2025-02-17
Shorts,157,55,2025-02-17
Hoodie,54,24,2025-02-17
Sweater,192,178,2025-02-17
Gloves,168,62,2025-02-17
Backpack,176,70,2025-02-17
Watch,145,136,2025-02-17
Socks,139,3,2025-02-17
Belt,109,38,2025-02-17
Sunglasses,54,53,2025-02-17
Jeans,61,0,2025-02-18
T-Shirt,129,94,2025-02-18
Shirt,98,85,2025-02-18
Jacket,158,39,2025-02-18
Sneakers,155,32,2025-02-18
Sandals,86,33,2025-02-18
Cap,173,31,2025-02-18
Scarf,105,76,2025-02-18
Dress,120,18,2025-02-18
Skirt,95,74,2025-02-18
Blazer,156,46,2025-02-18
Shorts,82,57,2025-02-18
Hoodie,112,42,2025-02-18
Sweater,107,78,2025-02-18
Gloves,52,4,2025-02-18
Backpack,150,66,2025-02-18
Watch,159,46,2025-02-18
Socks,133,114,2025-02-18
Belt,173,44,2025-02-18
Sunglasses,185,175,2025-02-18
Jeans,195,168,2025-02-19
T-Shirt,141,92,2025-02-19
Shirt,147,2,2025-02-19
Jacket,109,77,2025-02-19
Sneakers,175,65,2025-02-19
Sandals,144,64,2025-02-19
Cap,131,38,2025-02-19
Scarf,140,51,2025-02-19
Dress,55,53,2025-02-19
Skirt,50,1,2025-02-19
Blazer,102,82,2025-02-19
Shorts,184,183,2025-02-19
Hoodie,152,72,2025-02-19
Sweater,182,171,2025-02-19
Gloves,161,110,2025-02-19
Backpack,198,72,2025-02-19
Watch,144,128,2025-02-19
Socks,98,78,2025-02-19
Belt,156,45,2025-02-19
Sunglasses,63,48,2025-02-19
Jeans,173,7,2025-02-20
T-Shirt,182,9,2025-02-20
Shirt,64,12,2025-02-20
Jacket,124,116,2025-02-20
Sneakers,178,41,2025-02-20
Sandals,99,61,2025-02-20
Cap,166,75,2025-02-20
Scarf,194,34,2025-02-20
Dress,175,41,2025-02-20
Skirt,111,11,2025-02-20
Blazer,182,135,2025-02-20
Shorts,98,38,2025-02-20
Hoodie,131,3,2025-02-20
Sweater,160,99,2025-02-20
Gloves,145,106,2025-02-20
Backpack,56,6,2025-02-20
Watch,187,43,2025-02-20
Socks,174,10,2025-02-20
Belt,148,122,2025-02-20
Sunglasses,125,85,2025-02-20
Jeans,51,17,2025-02-21
T-Shirt,79,77,2025-02-21
Shirt,71,15,2025-02-21
Jacket,106,12,2025-02-21
Sneakers,151,131,2025-02-21
Sandals,164,29,2025-02-21
Cap,90,45,2025-02-21
Scarf,85,14,2025-02-21
Dress,150,128,2025-02-21
Skirt,176,127,2025-02-21
Blazer,169,29,2025-02-21
Shorts,189,137,2025-02-21
Hoodie,93,34,2025-02-21
Sweater,171,55,2025-02-21
Gloves,66,1,2025-02-21
Backpack,195,7,2025-02-21
Watch,73,63,2025-02-21
Socks,101,50,2025-02-21
Belt,51,44,2025-02-21
Sunglasses,184,7,2025-02-21
Jeans,95,84,2025-02-22
T-Shirt,142,104,2025-02-22
Shirt,56,7,2025-02-22
Jacket,199,24,2025-02-22
Sneakers,195,136,2025-02-22
Sandals,100,77,2025-02-22
Cap,156,55,2025-02-22
Scarf,70,64,2025-02-22
Dress,100,34,2025-02-22
Skirt,62,11,2025-02-22
Blazer,197,5,2025-02-22
Shorts,133,78,2025-02-22
Hoodie,79,32,2025-02-22
Sweater,182,138,2025-02-22
Gloves,152,99,2025-02-22
Backpack,80,39,2025-02-22
Watch,72,4,2025-02-22
Socks,127,73,2025-02-22
Belt,110,85,2025-02-22
Sunglasses,129,25,2025-02-22
Jeans,160,147,2025-02-23
T-Shirt,91,70,2025-02-23
Shirt,133,51,2025-02-23
Jacket,149,88,2025-02-23
Sneakers,177,6,2025-02-23
Sandals,153,54,2025-02-23
Cap,129,81,2025-02-23
Scarf,142,55,2025-02-23
Dress,118,111,2025-02-23
Skirt,75,41,2025-02-23
Blazer,159,24,2025-02-23
Shorts,83,57,2025-02-23
Hoodie,67,59,2025-02-23
Sweater,173,74,2025-02-23
Gloves,130,116,2025-02-23
Backpack,67,34,2025-02-23
Watch,184,43,2025-02-23
Socks,199,111,2025-02-23
Belt,195,91,2025-02-23
Sunglasses,66,47,2025-02-23
Jeans,193,41,2025-02-24
T-Shirt,195,115,2025-02-24
Shirt,58,45,2025-02-24
Jacket,183,8,2025-02-24
Sneakers,189,51,2025-02-24
Sandals,157,153,2025-02-24
Cap,126,97,2025-02-24
Scarf,187,36,2025-02-24
Dress,69,63,2025-02-24
Skirt,95,10,2025-02-24
Blazer,62,33,2025-02-24
Shorts,66,16,2025-02-24
Hoodie,133,106,2025-02-24
Sweater,59,19,2025-02-24
Gloves,191,188,2025-02-24
Backpack,121,6,2025-02-24
Watch,190,187,2025-02-24
Socks,136,131,2025-02-24
Belt,169,70,2025-02-24
Sunglasses,92,64,2025-02-24
Jeans,187,35,2025-02-25
T-Shirt,140,11,2025-02-25
Shirt,142,7,2025-02-25
Jacket,57,4,2025-02-25
Sneakers,99,89,2025-02-25
Sandals,88,75,2025-02-25
Cap,176,18,2025-02-25
Scarf,94,43,2025-02-25
Dress,64,6,2025-02-25
Skirt,168,112,2025-02-25
Blazer,64,49,2025-02-25
Shorts,170,167,2025-02-25
Hoodie,68,2,2025-02-25
Sweater,142,69,2025-02-25
Gloves,186,37,2025-02-25
Backpack,152,151,2025-02-25
Watch,57,40,2025-02-25
Socks,160,5,2025-02-25
Belt,134,40,2025-02-25
Sunglasses,63,25,2025-02-25
Jeans,89,4,2025-02-26
T-Shirt,72,54,2025-02-26
Shirt,175,170,2025-02-26
Jacket,141,40,2025-02-26
Sneakers,129,111,2025-02-26
Sandals,179,54,2025-02-26
Cap,54,37,2025-02-26
Scarf,188,171,2025-02-26
Dress,109,28,2025-02-26
Skirt,143,100,2025-02-26
Blazer,108,22,2025-02-26
Shorts,169,63,2025-02-26
Hoodie,154,50,2025-02-26
Sweater,59,45,2025-02-26
Gloves,100,88,2025-02-26
Backpack,80,69,2025-02-26
Watch,63,12,2025-02-26
Socks,195,31,2025-02-26
Belt,119,8,2025-02-26
Sunglasses,105,87,2025-02-26
Jeans,137,122,2025-02-27
T-Shirt,113,56,2025-02-27
Shirt,151,66,2025-02-27
Jacket,67,4,2025-02-27
Sneakers,148,121,2025-02-27
Sandals,148,34,2025-02-27
Cap,110,73,2025-02-27
Scarf,193,47,2025-02-27
Dress,158,100,2025-02-27
Skirt,102,85,2025-02-27
Blazer,117,12,2025-02-27
Shorts,137,6,2025-02-27
Hoodie,131,58,2025-02-27
Sweater,158,145,2025-02-27
Gloves,182,83,2025-02-27
Backpack,141,46,2025-02-27
Watch,66,47,2025-02-27
Socks,138,97,2025-02-27
Belt,72,28,2025-02-27
Sunglasses,176,52,2025-02-27
Jeans,128,111,2025-02-28
T-Shirt,155,1,2025-02-28
Shirt,162,18,2025-02-28
Jacket,154,139,2025-02-28
Sneakers,181,80,2025-02-28
Sandals,57,10,2025-02-28
Cap,151,118,2025-02-28
Scarf,165,97,2025-02-28
Dress,96,70,2025-02-28
Skirt,80,72,2025-02-28
Blazer,189,82,2025-02-28
Shorts,199,76,2025-02-28
Hoodie,85,18,2025-02-28
Sweater,174,87,2025-02-28
Gloves,133,61,2025-02-28
Backpack,140,31,2025-02-28
Watch,65,13,2025-02-28
Socks,111,49,2025-02-28
Belt,131,18,2025-02-28
Sunglasses,190,72,2025-02-28
Jeans,143,4,2025-03-01
T-Shirt,101,7,2025-03-01
Shirt,167,69,2025-03-01
Jacket,140,91,2025-03-01
Sneakers,122,4,2025-03-01
Sandals,64,1,2025-03-01
Cap,143,96,2025-03-01
Scarf,58,47,2025-03-01
Dress,146,144,2025-03-01
Skirt,118,92,2025-03-01
Blazer,58,47,2025-03-01
Shorts,152,146,2025-03-01
Hoodie,168,78,2025-03-01
Sweater,194,143,2025-03-01
Gloves,53,52,2025-03-01
Backpack,75,60,2025-03-01
Watch,107,50,2025-03-01
Socks,111,57,2025-03-01
Belt,166,21,2025-03-01
Sunglasses,112,91,2025-03-01
Jeans,70,50,2025-03-02
T-Shirt,193,95,2025-03-02
Shirt,137,72,2025-03-02
Jacket,76,72,2025-03-02
Sneakers,115,112,2025-03-02
Sandals,74,59,2025-03-02
Cap,154,3,2025-03-02
Scarf,106,74,2025-03-02
Dress,121,88,2025-03-02
Skirt,198,92,2025-03-02
Blazer,54,34,2025-03-02
Shorts,122,118,2025-03-02
Hoodie,82,58,2025-03-02
Sweater,174,75,2025-03-02
Gloves,199,93,2025-03-02
Backpack,147,45,2025-03-02
Watch,86,37,2025-03-02
Socks,191,87,2025-03-02
Belt,132,93,2025-03-02
Sunglasses,154,153,2025-03-02
Jeans,121,56,2025-03-03
T-Shirt,96,8,2025-03-03
Shirt,183,50,2025-03-03
Jacket,117,30,2025-03-03
Sneakers,73,9,2025-03-03
Sandals,167,28,2025-03-03
Cap,62,61,2025-03-03
Scarf,166,15,2025-03-03
Dress,98,81,2025-03-03
Skirt,153,86,2025-03-03
Blazer,156,54,2025-03-03
Shorts,80,1,2025-03-03
Hoodie,143,138,2025-03-03
Sweater,94,29,2025-03-03
Gloves,114,17,2025-03-03
Backpack,90,27,2025-03-03
Watch,146,33,2025-03-03
Socks,177,11,2025-03-03
Belt,194,114,2025-03-03
Sunglasses,82,21,2025-03-03
Jeans,151,142,2025-03-04
T-Shirt,148,67,2025-03-04
Shirt,157,121,2025-03-04
Jacket,129,36,2025-03-04
Sneakers,146,43,2025-03-04
Sandals,93,83,2025-03-04
Cap,61,37,2025-03-04
Scarf,64,36,2025-03-04
Dress,115,97,2025-03-04
Skirt,163,101,2025-03-04
Blazer,132,80,2025-03-04
Shorts,103,13,2025-03-04
Hoodie,169,69,2025-03-04
Sweater,96,43,2025-03-04
Gloves,64,12,2025-03-04
Backpack,111,87,2025-03-04
Watch,124,53,2025-03-04
Socks,103,12,2025-03-04
Belt,149,60,2025-03-04
Sunglasses,60,42,2025-03-04
Jeans,77,8,2025-03-05
T-Shirt,138,23,2025-03-05
Shirt,130,104,2025-03-05
Jacket,116,57,2025-03-05
Sneakers,94,28,2025-03-05
Sandals,161,23,2025-03-05
Cap,88,80,2025-03-05
Scarf,57,10,2025-03-05
Dress,167,72,2025-03-05
Skirt,116,67,2025-03-05
Blazer,97,29,2025-03-05
Shorts,198,189,2025-03-05
Hoodie,116,90,2025-03-05
Sweater,127,113,2025-03-05
Gloves,60,35,2025-03-05
Backpack,102,31,2025-03-05
Watch,199,50,2025-03-05
Socks,199,73,2025-03-05
Belt,180,133,2025-03-05
Sunglasses,179,2,2025-03-05
Jeans,161,152,2025-03-06
T-Shirt,67,4,2025-03-06
Shirt,177,40,2025-03-06
Jacket,163,50,2025-03-06
Sneakers,180,6,2025-03-06
Sandals,103,29,2025-03-06
Cap,148,32,2025-03-06
Scarf,70,60,2025-03-06
Dress,156,59,2025-03-06
Skirt,124,92,2025-03-06
Blazer,183,173,2025-03-06
Shorts,83,81,2025-03-06
Hoodie,68,64,2025-03-06
Sweater,69,48,2025-03-06
Gloves,54,34,2025-03-06
Backpack,127,42,2025-03-06
Watch,55,13,2025-03-06
Socks,165,115,2025-03-06
Belt,101,43,2025-03-06
Sunglasses,173,19,2025-03-06
Jeans,89,34,2025-03-07
T-Shirt,75,19,2025-03-07
Shirt,63,42,2025-03-07
Jacket,115,78,2025-03-07
Sneakers,54,26,2025-03-07
Sandals,94,71,2025-03-07
Cap,174,91,2025-03-07
Scarf,59,38,2025-03-07
Dress,76,29,2025-03-07
Skirt,56,20,2025-03-07
Blazer,121,77,2025-03-07
Shorts,149,8,2025-03-07
Hoodie,104,8,2025-03-07
Sweater,59,4,2025-03-07
Gloves,174,87,2025-03-07
Backpack,157,155,2025-03-07
Watch,192,32,2025-03-07
Socks,125,48,2025-03-07
Belt,135,42,2025-03-07
Sunglasses,150,11,2025-03-07
Jeans,104,80,2025-03-08
T-Shirt,67,38,2025-03-08
Shirt,105,78,2025-03-08
Jacket,141,45,2025-03-08
Sneakers,124,94,2025-03-08
Sandals,75,1,2025-03-08
Cap,155,62,2025-03-08
Scarf,164,8,2025-03-08
Dress,105,73,2025-03-08
Skirt,51,21,2025-03-08
Blazer,191,106,2025-03-08
Shorts,161,64,2025-03-08
Hoodie,170,133,2025-03-08
Sweater,129,10,2025-03-08
Gloves,145,134,2025-03-08
Backpack,63,10,2025-03-08
Watch,194,71,2025-03-08
Socks,108,107,2025-03-08
Belt,177,90,2025-03-08
Sunglasses,69,0,2025-03-08
Jeans,73,48,2025-03-09
T-Shirt,149,41,2025-03-09
Shirt,57,1,2025-03-09
Jacket,112,35,2025-03-09
Sneakers,138,23,2025-03-09
Sandals,87,2,2025-03-09
Cap,78,47,2025-03-09
Scarf,179,113,2025-03-09
Dress,103,43,2025-03-09
Skirt,170,151,2025-03-09
Blazer,111,84,2025-03-09
Shorts,81,31,2025-03-09
Hoodie,198,150,2025-03-09
Sweater,177,141,2025-03-09
Gloves,80,24,2025-03-09
Backpack,83,62,2025-03-09
Watch,98,51,2025-03-09
Socks,194,18,2025-03-09
Belt,82,77,2025-03-09
Sunglasses,186,1,2025-03-09
Jeans,154,58,2025-03-10
T-Shirt,78,4,2025-03-10
Shirt,157,74,2025-03-10
Jacket,145,133,2025-03-10
Sneakers,108,90,2025-03-10
Sandals,193,29,2025-03-10
Cap,96,53,2025-03-10
Scarf,152,71,2025-03-10
Dress,147,7,2025-03-10
Skirt,129,40,2025-03-10
Blazer,186,99,2025-03-10
Shorts,94,49,2025-03-10
Hoodie,185,113,2025-03-10
Sweater,148,110,2025-03-10
Gloves,163,3,2025-03-10
Backpack,186,185,2025-03-10
Watch,191,155,2025-03-10
Socks,79,68,2025-03-10
Belt,126,115,2025-03-10
Sunglasses,117,58,2025-03-10
Jeans,62,57,2025-03-11
T-Shirt,84,18,2025-03-11
Shirt,96,43,2025-03-11
Jacket,168,34,2025-03-11
Sneakers,166,55,2025-03-11
Sandals,151,45,2025-03-11
Cap,171,73,2025-03-11
Scarf,100,21,2025-03-11
Dress,91,72,2025-03-11
Skirt,69,33,2025-03-11
Blazer,89,1,2025-03-11
Shorts,174,51,2025-03-11
Hoodie,120,101,2025-03-11
Sweater,73,17,2025-03-11
Gloves,61,18,2025-03-11
Backpack,66,11,2025-03-11
Watch,72,68,2025-03-11
Socks,114,22,2025-03-11
Belt,150,88,2025-03-11
Sunglasses,76,64,2025-03-11
Jeans,139,129,2025-03-12
T-Shirt,76,15,2025-03-12
Shirt,78,43,2025-03-12
Jacket,151,90,2025-03-12
Sneakers,158,38,2025-03-12
Sandals,106,98,2025-03-12
Cap,176,163,2025-03-12
Scarf,156,142,2025-03-12
Dress,176,174,2025-03-12
Skirt,100,90,2025-03-12
Blazer,87,59,2025-03-12
Shorts,108,102,2025-03-12
Hoodie,140,68,2025-03-12
Sweater,130,101,2025-03-12
Gloves,190,33,2025-03-12
Backpack,143,94,2025-03-12
Watch,99,49,2025-03-12
Socks,123,83,2025-03-12
Belt,105,24,2025-03-12
Sunglasses,155,103,2025-03-12
Jeans,127,112,2025-03-13
T-Shirt,176,127,2025-03-13
Shirt,162,142,2025-03-13
Jacket,192,21,2025-03-13
Sneakers,140,61,2025-03-13
Sandals,124,9,2025-03-13
Cap,184,119,2025-03-13
Scarf,169,96,2025-03-13
Dress,176,18,2025-03-13
Skirt,102,68,2025-03-13
Blazer,152,3,2025-03-13
Shorts,198,144,2025-03-13
Hoodie,105,102,2025-03-13
Sweater,187,86,2025-03-13
Gloves,53,36,2025-03-13
Backpack,177,149,2025-03-13
Watch,162,28,2025-03-13
Socks,155,14,2025-03-13
Belt,119,60,2025-03-13
Sunglasses,183,148,2025-03-13
Jeans,77,27,2025-03-14
T-Shirt,144,116,2025-03-14
Shirt,75,68,2025-03-14
Jacket,66,4,2025-03-14
Sneakers,194,7,2025-03-14
Sandals,55,31,2025-03-14
Cap,165,66,2025-03-14
Scarf,158,149,2025-03-14
Dress,77,32,2025-03-14
Skirt,112,41,2025-03-14
Blazer,95,63,2025-03-14
Shorts,137,7,2025-03-14
Hoodie,74,30,2025-03-14
Sweater,159,22,2025-03-14
Gloves,156,28,2025-03-14
Backpack,154,96,2025-03-14
Watch,199,2,2025-03-14
Socks,89,68,2025-03-14
Belt,116,26,2025-03-14
Sunglasses,198,130,2025-03-14
Jeans,52,29,2025-03-15
T-Shirt,82,52,2025-03-15
Shirt,101,42,2025-03-15
Jacket,138,49,2025-03-15
Sneakers,107,47,2025-03-15
Sandals,97,59,2025-03-15
Cap,118,31,2025-03-15
Scarf,74,65,2025-03-15
Dress,186,106,2025-03-15
Skirt,55,14,2025-03-15
Blazer,81,20,2025-03-15
Shorts,149,50,2025-03-15
Hoodie,72,58,2025-03-15
Sweater,111,100,2025-03-15
Gloves,176,30,2025-03-15
Backpack,118,115,2025-03-15
Watch,53,2,2025-03-15
Socks,62,1,2025-03-15
Belt,144,45,2025-03-15
Sunglasses,87,8,2025-03-15
Jeans,112,106,2025-03-16
T-Shirt,194,176,2025-03-16
Shirt,107,8,2025-03-16
Jacket,167,139,2025-03-16
Sneakers,86,84,2025-03-16
Sandals,56,0,2025-03-16
Cap,164,80,2025-03-16
Scarf,64,50,2025-03-16
Dress,117,59,2025-03-16
Skirt,91,66,2025-03-16
Blazer,59,10,2025-03-16
Shorts,138,42,2025-03-16
Hoodie,140,94,2025-03-16
Sweater,176,33,2025-03-16
Gloves,123,40,2025-03-16
Backpack,94,48,2025-03-16
Watch,172,59,2025-03-16
Socks,158,128,2025-03-16
Belt,54,18,2025-03-16
Sunglasses,133,22,2025-03-16
Jeans,67,20,2025-03-17
T-Shirt,52,32,2025-03-17
Shirt,167,78,2025-03-17
Jacket,84,14,2025-03-17
Sneakers,97,67,2025-03-17
Sandals,161,121,2025-03-17
Cap,112,11,2025-03-17
Scarf,112,27,2025-03-17
Dress,179,143,2025-03-17
Skirt,133,129,2025-03-17
Blazer,110,105,2025-03-17
Shorts,126,78,2025-03-17
Hoodie,173,111,2025-03-17
Sweater,56,13,2025-03-17
Gloves,130,39,2025-03-17
Backpack,87,83,2025-03-17
Watch,171,85,2025-03-17
Socks,149,16,2025-03-17
Belt,180,80,2025-03-17
Sunglasses,56,46,2025-03-17
Jeans,53,42,2025-03-18
T-Shirt,102,94,2025-03-18
Shirt,108,8,2025-03-18
Jacket,124,58,2025-03-18
Sneakers,150,11,2025-03-18
Sandals,136,113,2025-03-18
Cap,182,109,2025-03-18
Scarf,120,52,2025-03-18
Dress,184,138,2025-03-18
Skirt,187,30,2025-03-18
Blazer,154,79,2025-03-18
Shorts,151,126,2025-03-18
Hoodie,108,62,2025-03-18
Sweater,89,28,2025-03-18
Gloves,86,56,2025-03-18
Backpack,164,132,2025-03-18
Watch,147,91,2025-03-18
Socks,193,175,2025-03-18
Belt,178,71,2025-03-18
Sunglasses,125,37,2025-03-18
Jeans,79,35,2025-03-19
T-Shirt,171,133,2025-03-19
Shirt,135,131,2025-03-19
Jacket,53,18,2025-03-19
Sneakers,67,32,2025-03-19
Sandals,164,36,2025-03-19
Cap,142,96,2025-03-19
Scarf,150,125,2025-03-19
Dress,81,49,2025-03-19
Skirt,152,142,2025-03-19
Blazer,101,19,2025-03-19
Shorts,83,9,2025-03-19
Hoodie,163,104,2025-03-19
Sweater,82,38,2025-03-19
Gloves,85,12,2025-03-19
Backpack,189,50,2025-03-19
Watch,175,69,2025-03-19
Socks,91,43,2025-03-19
Belt,132,100,2025-03-19
Sunglasses,159,85,2025-03-19
Jeans,87,64,2025-03-20
T-Shirt,146,10,2025-03-20
Shirt,85,62,2025-03-20
Jacket,164,82,2025-03-20
Sneakers,107,44,2025-03-20
Sandals,146,94,2025-03-20
Cap,96,61,2025-03-20
Scarf,175,40,2025-03-20
Dress,199,193,2025-03-20
Skirt,110,8,2025-03-20
Blazer,175,65,2025-03-20
Shorts,98,19,2025-03-20
Hoodie,113,85,2025-03-20
Sweater,131,59,2025-03-20
Gloves,189,113,2025-03-20
Backpack,78,24,2025-03-20
Watch,81,64,2025-03-20
Socks,172,65,2025-03-20
Belt,65,56,2025-03-20
Sunglasses,58,4,2025-03-20
Jeans,61,30,2025-03-21
T-Shirt,112,105,2025-03-21
Shirt,90,1,2025-03-21
Jacket,163,146,2025-03-21
Sneakers,82,0,2025-03-21
Sandals,59,47,2025-03-21
Cap,130,42,2025-03-21
Scarf,99,22,2025-03-21
Dress,164,118,2025-03-21
Skirt,117,76,2025-03-21
Blazer,181,105,2025-03-21
Shorts,74,43,2025-03-21
Hoodie,76,26,2025-03-21
Sweater,196,155,2025-03-21
Gloves,114,37,2025-03-21
Backpack,94,24,2025-03-21
Watch,195,20,2025-03-21
Socks,67,49,2025-03-21
Belt,122,42,2025-03-21
Sunglasses,51,46,2025-03-21
Jeans,114,62,2025-03-22
T-Shirt,151,92,2025-03-22
Shirt,129,91,2025-03-22
Jacket,129,114,2025-03-22
Sneakers,133,63,2025-03-22
Sandals,95,55,2025-03-22
Cap,174,140,2025-03-22
Scarf,149,114,2025-03-22
Dress,117,103,2025-03-22
Skirt,110,92,2025-03-22
Blazer,125,76,2025-03-22
Shorts,63,33,2025-03-22
Hoodie,168,73,2025-03-22
Sweater,64,6,2025-03-22
Gloves,158,6,2025-03-22
Backpack,120,90,2025-03-22
Watch,178,20,2025-03-22
Socks,131,67,2025-03-22
Belt,185,110,2025-03-22
Sunglasses,95,6,2025-03-22
Jeans,105,57,2025-03-23
T-Shirt,142,20,2025-03-23
Shirt,128,118,2025-03-23
Jacket,124,63,2025-03-23
Sneakers,195,50,2025-03-23
Sandals,140,63,2025-03-23
Cap,103,53,2025-03-23
Scarf,106,101,2025-03-23
Dress,168,1,2025-03-23
Skirt,135,28,2025-03-23
Blazer,146,54,2025-03-23
Shorts,183,5,2025-03-23
Hoodie,77,49,2025-03-23
Sweater,81,13,2025-03-23
Gloves,157,65,2025-03-23
Backpack,144,42,2025-03-23
Watch,179,125,2025-03-23
Socks,123,1,2025-03-23
Belt,129,50,2025-03-23
Sunglasses,55,24,2025-03-23
Jeans,120,59,2025-03-24
T-Shirt,114,41,2025-03-24
Shirt,93,65,2025-03-24
Jacket,167,126,2025-03-24
Sneakers,58,11,2025-03-24
Sandals,162,134,2025-03-24
Cap,114,31,2025-03-24
Scarf,60,27,2025-03-24
Dress,167,44,2025-03-24
Skirt,171,135,2025-03-24
Blazer,188,93,2025-03-24
Shorts,123,50,2025-03-24
Hoodie,167,29,2025-03-24
Sweater,172,74,2025-03-24
Gloves,84,4,2025-03-24
Backpack,85,16,2025-03-24
Watch,144,52,2025-03-24
Socks,111,31,2025-03-24
Belt,156,55,2025-03-24
Sunglasses,172,132,2025-03-24
Jeans,174,113,2025-03-25
T-Shirt,134,77,2025-03-25
Shirt,85,30,2025-03-25
Jacket,112,45,2025-03-25
Sneakers,149,102,2025-03-25
Sandals,120,3,2025-03-25
Cap,108,7,2025-03-25
Scarf,103,93,2025-03-25
Dress,98,64,2025-03-25
Skirt,114,19,2025-03-25
Blazer,105,104,2025-03-25
Shorts,92,10,2025-03-25
Hoodie,101,89,2025-03-25
Sweater,130,10,2025-03-25
Gloves,184,156,2025-03-25
Backpack,108,86,2025-03-25
Watch,145,22,2025-03-25
Socks,132,40,2025-03-25
Belt,67,10,2025-03-25
Sunglasses,91,43,2025-03-25
Jeans,138,105,2025-03-26
T-Shirt,145,74,2025-03-26
Shirt,55,28,2025-03-26
Jacket,173,145,2025-03-26
Sneakers,137,28,2025-03-26
Sandals,172,158,2025-03-26
Cap,84,74,2025-03-26
Scarf,93,3,2025-03-26
Dress,125,41,2025-03-26
Skirt,109,81,2025-03-26
Blazer,70,49,2025-03-26
Shorts,74,55,2025-03-26
Hoodie,100,29,2025-03-26
Sweater,176,131,2025-03-26
Gloves,72,19,2025-03-26
Backpack,183,4,2025-03-26
Watch,51,15,2025-03-26
Socks,166,161,2025-03-26
Belt,72,65,2025-03-26
Sunglasses,163,77,2025-03-26
Jeans,169,155,2025-03-27
T-Shirt,149,121,2025-03-27
Shirt,179,111,2025-03-27
Jacket,68,44,2025-03-27
Sneakers,169,47,2025-03-27
Sandals,124,43,2025-03-27
Cap,127,115,2025-03-27
Scarf,178,126,2025-03-27
Dress,98,18,2025-03-27
Skirt,117,70,2025-03-27
Blazer,171,9,2025-03-27
Shorts,167,80,2025-03-27
Hoodie,56,33,2025-03-27
Sweater,153,84,2025-03-27
Gloves,185,64,2025-03-27
Backpack,172,98,2025-03-27
Watch,144,80,2025-03-27
Socks,63,40,2025-03-27
Belt,148,46,2025-03-27
Sunglasses,158,142,2025-03-27
Jeans,134,69,2025-03-28
T-Shirt,186,108,2025-03-28
Shirt,128,56,2025-03-28
Jacket,184,4,2025-03-28
Sneakers,63,38,2025-03-28
Sandals,162,46,2025-03-28
Cap,72,12,2025-03-28
Scarf,97,77,2025-03-28
Dress,64,52,2025-03-28
Skirt,156,123,2025-03-28
Blazer,125,60,2025-03-28
Shorts,150,47,2025-03-28
Hoodie,80,13,2025-03-28
Sweater,129,58,2025-03-28
Gloves,111,29,2025-03-28
Backpack,84,36,2025-03-28
Watch,53,43,2025-03-28
Socks,188,91,2025-03-28
Belt,183,34,2025-03-28
Sunglasses,66,50,2025-03-28
Jeans,121,8,2025-03-29
T-Shirt,161,63,2025-03-29
Shirt,93,71,2025-03-29
Jacket,107,75,2025-03-29
Sneakers,112,99,2025-03-29
Sandals,172,92,2025-03-29
Cap,67,32,2025-03-29
Scarf,67,8,2025-03-29
Dress,129,84,2025-03-29
Skirt,130,97,2025-03-29
Blazer,98,14,2025-03-29
Shorts,56,40,2025-03-29
Hoodie,184,151,2025-03-29
Sweater,184,151,2025-03-29
Gloves,81,41,2025-03-29
Backpack,180,118,2025-03-29
Watch,92,72,2025-03-29
Socks,122,98,2025-03-29
Belt,62,11,2025-03-29
Sunglasses,152,123,2025-03-29
Jeans,71,43,2025-03-30
T-Shirt,84,55,2025-03-30
Shirt,187,55,2025-03-30
Jacket,70,44,2025-03-30
Sneakers,143,48,2025-03-30
Sandals,69,18,2025-03-30
Cap,136,7,2025-03-30
Scarf,104,51,2025-03-30
Dress,109,7,2025-03-30
Skirt,149,7,2025-03-30
Blazer,67,51,2025-03-30
Shorts,95,72,2025-03-30
Hoodie,108,70,2025-03-30
Sweater,155,47,2025-03-30
Gloves,77,13,2025-03-30
Backpack,193,22,2025-03-30
Watch,75,20,2025-03-30
Socks,158,98,2025-03-30
Belt,180,99,2025-03-30
Sunglasses,106,46,2025-03-30
Jeans,89,69,2025-03-31
T-Shirt,95,91,2025-03-31
Shirt,188,142,2025-03-31
Jacket,61,6,2025-03-31
Sneakers,139,56,2025-03-31
Sandals,61,47,2025-03-31
Cap,173,114,2025-03-31
Scarf,58,30,2025-03-31
Dress,136,59,2025-03-31
Skirt,158,9,2025-03-31
Blazer,193,138,2025-03-31
Shorts,171,72,2025-03-31
Hoodie,110,83,2025-03-31
Sweater,171,114,2025-03-31
Gloves,140,114,2025-03-31
Backpack,173,95,2025-03-31
Watch,81,20,2025-03-31
Socks,78,65,2025-03-31
Belt,157,113,2025-03-31
Sunglasses,91,87,2025-03-31
Jeans,152,101,2025-04-01
T-Shirt,149,114,2025-04-01
Shirt,94,48,2025-04-01
Jacket,136,73,2025-04-01
Sneakers,82,81,2025-04-01
Sandals,179,9,2025-04-01
Cap,97,9,2025-04-01
Scarf,123,56,2025-04-01
Dress,156,64,2025-04-01
Skirt,90,2,2025-04-01
Blazer,154,50,2025-04-01
Shorts,194,87,2025-04-01
Hoodie,187,19,2025-04-01
Sweater,137,41,2025-04-01
Gloves,177,86,2025-04-01
Backpack,136,29,2025-04-01
Watch,68,43,2025-04-01
Socks,81,20,2025-04-01
Belt,54,38,2025-04-01
Sunglasses,186,57,2025-04-01
Jeans,96,58,2025-04-02
T-Shirt,112,86,2025-04-02
Shirt,121,40,2025-04-02
Jacket,137,38,2025-04-02
Sneakers,86,15,2025-04-02
Sandals,58,33,2025-04-02
Cap,95,11,2025-04-02
Scarf,147,3,2025-04-02
Dress,155,2,2025-04-02
Skirt,61,42,2025-04-02
Blazer,100,84,2025-04-02
Shorts,112,58,2025-04-02
Hoodie,172,7,2025-04-02
Sweater,128,111,2025-04-02
Gloves,196,78,2025-04-02
Backpack,183,114,2025-04-02
Watch,164,145,2025-04-02
Socks,76,0,2025-04-02
Belt,85,50,2025-04-02
Sunglasses,86,76,2025-04-02
Jeans,182,134,2025-04-03
T-Shirt,175,66,2025-04-03
Shirt,156,5,2025-04-03
Jacket,167,150,2025-04-03
Sneakers,95,14,2025-04-03
Sandals,68,5,2025-04-03
Cap,72,42,2025-04-03
Scarf,54,19,2025-04-03
Dress,142,129,2025-04-03
Skirt,154,63,2025-04-03
Blazer,176,87,2025-04-03
Shorts,147,45,2025-04-03
Hoodie,83,27,2025-04-03
Sweater,63,59,2025-04-03
Gloves,164,156,2025-04-03
Backpack,119,37,2025-04-03
Watch,192,61,2025-04-03
Socks,155,103,2025-04-03
Belt,136,10,2025-04-03
Sunglasses,100,86,2025-04-03
Jeans,158,102,2025-04-04
T-Shirt,196,164,2025-04-04
Shirt,155,74,2025-04-04
Jacket,102,25,2025-04-04
Sneakers,51,18,2025-04-04
Sandals,147,14,2025-04-04
Cap,128,114,2025-04-04
Scarf,183,94,2025-04-04
Dress,59,39,2025-04-04
Skirt,128,96,2025-04-04
Blazer,114,36,2025-04-04
Shorts,94,10,2025-04-04
Hoodie,162,151,2025-04-04
Sweater,84,74,2025-04-04
Gloves,68,67,2025-04-04
Backpack,51,22,2025-04-04
Watch,125,77,2025-04-04
Socks,160,126,2025-04-04
Belt,157,84,2025-04-04
Sunglasses,154,56,2025-04-04
Jeans,166,136,2025-04-05
T-Shirt,146,3,2025-04-05
Shirt,171,126,2025-04-05
Jacket,119,78,2025-04-05
Sneakers,88,17,2025-04-05
Sandals,177,82,2025-04-05
Cap,106,80,2025-04-05
Scarf,114,55,2025-04-05
Dress,81,53,2025-04-05
Skirt,146,36,2025-04-05
Blazer,175,111,2025-04-05
Shorts,122,18,2025-04-05
Hoodie,181,2,2025-04-05
Sweater,100,87,2025-04-05
Gloves,68,33,2025-04-05
Backpack,58,16,2025-04-05
Watch,133,102,2025-04-05
Socks,145,115,2025-04-05
Belt,87,14,2025-04-05
Sunglasses,137,82,2025-04-05
Jeans,133,65,2025-04-06
T-Shirt,135,66,2025-04-06
Shirt,63,12,2025-04-06
Jacket,91,35,2025-04-06
Sneakers,197,19,2025-04-06
Sandals,75,60,2025-04-06
Cap,183,180,2025-04-06
Scarf,64,22,2025-04-06
Dress,85,52,2025-04-06
Skirt,164,0,2025-04-06
Blazer,79,26,2025-04-06
Shorts,115,76,2025-04-06
Hoodie,181,112,2025-04-06
Sweater,52,2,2025-04-06
Gloves,63,55,2025-04-06
Backpack,198,70,2025-04-06
Watch,102,44,2025-04-06
Socks,86,36,2025-04-06
Belt,66,19,2025-04-06
Sunglasses,58,14,2025-04-06
Jeans,89,12,2025-04-07
T-Shirt,65,21,2025-04-07
Shirt,141,98,2025-04-07
Jacket,67,10,2025-04-07
Sneakers,146,120,2025-04-07
Sandals,95,61,2025-04-07
Cap,130,65,2025-04-07
Scarf,110,7,2025-04-07
Dress,64,35,2025-04-07
Skirt,146,126,2025-04-07
Blazer,129,34,2025-04-07
Shorts,170,11,2025-04-07
Hoodie,159,71,2025-04-07
Sweater,106,88,2025-04-07
Gloves,115,108,2025-04-07
Backpack,199,1,2025-04-07
Watch,153,21,2025-04-07
Socks,108,52,2025-04-07
Belt,149,8,2025-04-07
Sunglasses,65,45,2025-04-07
Jeans,96,75,2025-04-08
T-Shirt,155,100,2025-04-08
Shirt,59,36,2025-04-08
Jacket,54,52,2025-04-08
Sneakers,150,40,2025-04-08
Sandals,187,113,2025-04-08
Cap,89,26,2025-04-08
Scarf,121,11,2025-04-08
Dress,77,37,2025-04-08
Skirt,64,26,2025-04-08
Blazer,72,36,2025-04-08
Shorts,96,8,2025-04-08
Hoodie,54,14,2025-04-08
Sweater,66,14,2025-04-08
Gloves,112,74,2025-04-08
Backpack,194,102,2025-04-08
Watch,158,126,2025-04-08
Socks,103,17,2025-04-08
Belt,65,17,2025-04-08
Sunglasses,50,40,2025-04-08
Jeans,92,0,2025-04-09
T-Shirt,119,118,2025-04-09
Shirt,70,9,2025-04-09
Jacket,139,110,2025-04-09
Sneakers,193,184,2025-04-09
Sandals,60,15,2025-04-09
Cap,53,33,2025-04-09
Scarf,65,19,2025-04-09
Dress,169,81,2025-04-09
Skirt,165,7,2025-04-09
Blazer,137,95,2025-04-09
Shorts,161,23,2025-04-09
Hoodie,66,9,2025-04-09
Sweater,145,127,2025-04-09
Gloves,119,93,2025-04-09
Backpack,155,92,2025-04-09
Watch,77,16,2025-04-09
Socks,186,152,2025-04-09
Belt,67,16,2025-04-09
Sunglasses,60,51,2025-04-09
Jeans,138,42,2025-04-10
T-Shirt,127,45,2025-04-10
Shirt,78,18,2025-04-10
Jacket,124,43,2025-04-10
Sneakers,129,20,2025-04-10
Sandals,79,5,2025-04-10
Cap,160,65,2025-04-10
Scarf,164,53,2025-04-10
Dress,149,16,2025-04-10
Skirt,163,55,2025-04-10
Blazer,179,57,2025-04-10
Shorts,158,53,2025-04-10
Hoodie,134,89,2025-04-10
Sweater,126,108,2025-04-10
Gloves,128,109,2025-04-10
Backpack,110,59,2025-04-10
Watch,192,75,2025-04-10
Socks,120,73,2025-04-10
Belt,75,49,2025-04-10
Sunglasses,78,73,2025-04-10
Jeans,133,58,2025-04-11
T-Shirt,94,20,2025-04-11
Shirt,79,0,2025-04-11
Jacket,64,25,2025-04-11
Sneakers,193,68,2025-04-11
Sandals,156,48,2025-04-11
Cap,131,66,2025-04-11
Scarf,129,117,2025-04-11
Dress,127,126,2025-04-11
Skirt,168,70,2025-04-11
Blazer,196,195,2025-04-11
Shorts,70,27,2025-04-11
Hoodie,160,148,2025-04-11
Sweater,151,85,2025-04-11
Gloves,93,38,2025-04-11
Backpack,136,82,2025-04-11
Watch,159,72,2025-04-11
Socks,60,37,2025-04-11
Belt,109,94,2025-04-11
Sunglasses,140,102,2025-04-11
Jeans,79,66,2025-04-12
T-Shirt,190,132,2025-04-12
Shirt,51,26,2025-04-12
Jacket,60,1,2025-04-12
Sneakers,107,70,2025-04-12
Sandals,108,26,2025-04-12
Cap,170,134,2025-04-12
Scarf,174,51,2025-04-12
Dress,197,41,2025-04-12
Skirt,127,43,2025-04-12
Blazer,96,83,2025-04-12
Shorts,154,114,2025-04-12
Hoodie,95,50,2025-04-12
Sweater,101,85,2025-04-12
Gloves,191,59,2025-04-12
Backpack,106,70,2025-04-12
Watch,142,88,2025-04-12
Socks,61,58,2025-04-12
Belt,72,9,2025-04-12
Sunglasses,166,61,2025-04-12
Jeans,124,47,2025-04-13
T-Shirt,96,51,2025-04-13
Shirt,65,31,2025-04-13
Jacket,192,11,2025-04-13
Sneakers,111,73,2025-04-13
Sandals,104,100,2025-04-13
Cap,188,91,2025-04-13
Scarf,176,160,2025-04-13
Dress,82,72,2025-04-13
Skirt,110,22,2025-04-13
Blazer,191,167,2025-04-13
Shorts,120,70,2025-04-13
Hoodie,123,3,2025-04-13
Sweater,99,88,2025-04-13
Gloves,68,52,2025-04-13
Backpack,52,42,2025-04-13
Watch,148,91,2025-04-13
Socks,113,24,2025-04-13
Belt,66,23,2025-04-13
Sunglasses,183,66,2025-04-13
Jeans,178,44,2025-04-14
T-Shirt,97,28,2025-04-14
Shirt,83,3,2025-04-14
Jacket,109,90,2025-04-14
Sneakers,66,39,2025-04-14
Sandals,58,5,2025-04-14
Cap,183,11,2025-04-14
Scarf,161,16,2025-04-14
Dress,115,78,2025-04-14
Skirt,69,24,2025-04-14
Blazer,104,31,2025-04-14
Shorts,69,12,2025-04-14
Hoodie,56,31,2025-04-14
Sweater,152,88,2025-04-14
Gloves,159,42,2025-04-14
Backpack,184,161,2025-04-14
Watch,69,43,2025-04-14
Socks,89,10,2025-04-14
Belt,58,49,2025-04-14
Sunglasses,67,54,2025-04-14
Jeans,99,6,2025-04-15
T-Shirt,70,36,2025-04-15
Shirt,134,100,2025-04-15
Jacket,108,4,2025-04-15
Sneakers,57,36,2025-04-15
Sandals,117,11,2025-04-15
Cap,89,77,2025-04-15
Scarf,126,125,2025-04-15
Dress,173,44,2025-04-15
Skirt,67,51,2025-04-15
Blazer,67,29,2025-04-15
Shorts,151,73,2025-04-15
Hoodie,53,30,2025-04-15
Sweater,92,6,2025-04-15
Gloves,77,48,2025-04-15
Backpack,147,14,2025-04-15
Watch,70,60,2025-04-15
Socks,148,118,2025-04-15
Belt,90,45,2025-04-15
Sunglasses,145,96,2025-04-15
Jeans,132,62,2025-04-16
T-Shirt,118,63,2025-04-16
Shirt,151,38,2025-04-16
Jacket,140,53,2025-04-16
Sneakers,154,121,2025-04-16
Sandals,74,72,2025-04-16
Cap,168,125,2025-04-16
Scarf,50,38,2025-04-16
Dress,161,27,2025-04-16
Skirt,161,87,2025-04-16
Blazer,139,66,2025-04-16
Shorts,184,120,2025-04-16
Hoodie,149,107,2025-04-16
Sweater,50,3,2025-04-16
Gloves,53,36,2025-04-16
Backpack,135,54,2025-04-16
Watch,195,130,2025-04-16
Socks,151,146,2025-04-16
Belt,138,105,2025-04-16
Sunglasses,191,13,2025-04-16
Jeans,127,115,2025-04-17
T-Shirt,151,140,2025-04-17
Shirt,75,3,2025-04-17
Jacket,50,41,2025-04-17
Sneakers,156,42,2025-04-17
Sandals,74,5,2025-04-17
Cap,157,42,2025-04-17
Scarf,178,158,2025-04-17
Dress,197,92,2025-04-17
Skirt,180,177,2025-04-17
Blazer,76,65,2025-04-17
Shorts,196,177,2025-04-17
Hoodie,157,103,2025-04-17
Sweater,90,12,2025-04-17
Gloves,111,49,2025-04-17
Backpack,177,43,2025-04-17
Watch,63,51,2025-04-17
Socks,153,121,2025-04-17
Belt,115,111,2025-04-17
Sunglasses,130,47,2025-04-17
Jeans,70,17,2025-04-18
T-Shirt,169,49,2025-04-18
Shirt,153,77,2025-04-18
Jacket,169,33,2025-04-18
Sneakers,166,13,2025-04-18
Sandals,166,90,2025-04-18
Cap,139,69,2025-04-18
Scarf,181,65,2025-04-18
Dress,133,46,2025-04-18
Skirt,133,46,2025-04-18
Blazer,183,30,2025-04-18
Shorts,119,10,2025-04-18
Hoodie,50,18,2025-04-18
Sweater,107,105,2025-04-18
Gloves,151,90,2025-04-18
Backpack,169,29,2025-04-18
Watch,70,51,2025-04-18
Socks,102,32,2025-04-18
Belt,126,76,2025-04-18
Sunglasses,151,37,2025-04-18
Jeans,126,13,2025-04-19
T-Shirt,82,30,2025-04-19
Shirt,56,36,2025-04-19
Jacket,136,8,2025-04-19
Sneakers,72,22,2025-04-19
Sandals,91,45,2025-04-19
Cap,68,49,2025-04-19
Scarf,125,40,2025-04-19
Dress,96,18,2025-04-19
Skirt,71,70,2025-04-19
Blazer,135,104,2025-04-19
Shorts,182,132,2025-04-19
Hoodie,151,5,2025-04-19
Sweater,178,79,2025-04-19
Gloves,55,15,2025-04-19
Backpack,142,92,2025-04-19
Watch,69,52,2025-04-19
Socks,70,23,2025-04-19
Belt,134,51,2025-04-19
Sunglasses,144,128,2025-04-19
Jeans,113,55,2025-04-20
T-Shirt,59,55,2025-04-20
Shirt,186,44,2025-04-20
Jacket,55,3,2025-04-20
Sneakers,62,43,2025-04-20
Sandals,105,32,2025-04-20
Cap,72,38,2025-04-20
Scarf,101,69,2025-04-20
Dress,87,33,2025-04-20
Skirt,158,71,2025-04-20
Blazer,62,17,2025-04-20
Shorts,194,97,2025-04-20
Hoodie,79,18,2025-04-20
Sweater,176,84,2025-04-20
Gloves,114,18,2025-04-20
Backpack,75,61,2025-04-20
Watch,159,42,2025-04-20
Socks,75,5,2025-04-20
Belt,57,23,2025-04-20
Sunglasses,92,90,2025-04-20
Jeans,194,108,2025-04-21
T-Shirt,125,7,2025-04-21
Shirt,55,24,2025-04-21
Jacket,154,16,2025-04-21
Sneakers,134,50,2025-04-21
Sandals,101,55,2025-04-21
Cap,75,28,2025-04-21
Scarf,106,84,2025-04-21
Dress,131,6,2025-04-21
Skirt,194,71,2025-04-21
Blazer,194,39,2025-04-21
Shorts,181,97,2025-04-21
Hoodie,66,28,2025-04-21
Sweater,136,113,2025-04-21
Gloves,68,53,2025-04-21
Backpack,162,35,2025-04-21
Watch,156,130,2025-04-21
Socks,63,17,2025-04-21
Belt,169,92,2025-04-21
Sunglasses,98,61,2025-04-21
Jeans,68,14,2025-04-22
T-Shirt,198,135,2025-04-22
Shirt,62,6,2025-04-22
Jacket,126,13,2025-04-22
Sneakers,76,32,2025-04-22
Sandals,127,123,2025-04-22
Cap,106,1,2025-04-22
Scarf,105,45,2025-04-22
Dress,152,23,2025-04-22
Skirt,116,70,2025-04-22
Blazer,105,66,2025-04-22
Shorts,137,32,2025-04-22
Hoodie,85,22,2025-04-22
Sweater,167,165,2025-04-22
Gloves,168,68,2025-04-22
Backpack,56,40,2025-04-22
Watch,185,97,2025-04-22
Socks,198,65,2025-04-22
Belt,159,90,2025-04-22
Sunglasses,144,133,2025-04-22

